{
  "openapi": "3.0.0",
  "info": {
    "title": "Users API",
    "version": "1.0.0",
    "description": "User management endpoints"
  },
  "servers": [{ "url": "https://api.example.gov/v1/users" }],
  "paths": {
    "/users": {
      "get": {
        "summary": "List all users",
        "responses": {
          "200": {
            "description": "A list of users",
            "content": {
              "application/json": {
                "schema": {
                  "type": "array",
                  "items": { "$ref": "#/components/schemas/User" }
                }
              }
            }
          }
        }
      }
    }
  },
  "components": {
    "schemas": {
      "User": {
        "type": "object",
        "properties": {
          "id": { "type": "string" },
          "name": { "type": "string" }
        }
      }
    }
  }
}
